DATE_TIME,VOLUME,RESP_AVG
2025-03-22 8:00:00,442,7.085963975
2025-03-22 9:00:00,418,8.405123545
2025-03-22 11:00:00,507,7.7797188
2025-03-22 12:00:00,559,6.877424986
2025-03-22 13:00:00,602,8.178684839
2025-03-22 14:00:00,617,7.887081064
2025-03-22 15:00:00,758,7.490153227
2025-03-22 16:00:00,706,7.232271394
2025-03-22 17:00:00,684,6.82276371
2025-03-22 18:00:00,812,6.523053076
2025-03-22 20:00:00,702,6.593547145
2025-03-23 0:00:00,645,6.703495795
2025-03-23 2:00:00,609,7.437220449
2025-03-23 4:00:00,700,7.379530448
2025-03-23 5:00:00,939,9.291060499
2025-03-23 6:00:00,514,8.190591652
2025-03-23 7:00:00,563,6.963000394
2025-03-23 8:00:00,589,8.354861168
2025-03-23 9:00:00,578,7.231352936
2025-03-23 11:00:00,569,7.285990426
2025-03-23 13:00:00,829,6.222419296
2025-03-23 17:00:00,1124,7.185972536
2025-03-23 19:00:00,1016,7.390164077
2025-03-23 21:00:00,945,8.407035215
2025-03-23 22:00:00,821,7.296017683
2025-03-23 23:00:00,562,7.892820298
2025-03-24 0:00:00,774,7.100443486
2025-03-24 1:00:00,980,7.059488544
2025-03-24 2:00:00,824,8.837114266
2025-03-24 3:00:00,886,13.43288679
2025-03-24 4:00:00,1008,7.787726873
2025-03-24 5:00:00,518,8.886470834
2025-03-24 6:00:00,952,7.659833177
2025-03-24 7:00:00,1000,8.035649742
2025-03-24 8:00:00,1195,8.992660883
2025-03-24 9:00:00,1011,9.74589955
2025-03-24 10:00:00,795,8.552279583
2025-03-24 11:00:00,611,9.197875143
2025-03-24 12:00:00,784,9.272070655
2025-03-24 13:00:00,987,8.548419176
2025-03-24 14:00:00,1399,8.684831842
2025-03-24 15:00:00,1178,10.02548449
2025-03-24 16:00:00,1031,8.733092873
2025-03-24 17:00:00,719,8.597510812
2025-03-24 18:00:00,829,7.238384878
2025-03-24 19:00:00,1013,6.55204654
2025-03-24 21:00:00,1033,9.004318146
2025-03-24 22:00:00,921,8.344937997
2025-03-24 23:00:00,770,7.677203444
2025-03-25 0:00:00,974,8.529747832
2025-03-25 1:00:00,1141,8.08600608
2025-03-25 2:00:00,972,9.866446322
2025-03-25 3:00:00,871,8.137787514
2025-03-25 4:00:00,741,8.233368373
2025-03-25 5:00:00,824,7.552842969
2025-03-25 6:00:00,934,8.444673738
2025-03-25 7:00:00,1314,8.578020083
2025-03-25 8:00:00,1130,8.997538021
2025-03-25 9:00:00,1069,9.048949409
2025-03-25 10:00:00,1147,7.832096391
2025-03-25 11:00:00,629,7.51791031
2025-03-25 12:00:00,876,7.534479977
2025-03-25 13:00:00,1560,9.133049164
2025-03-25 14:00:00,1749,9.882934574
2025-03-25 15:00:00,1191,9.45747758
2025-03-25 16:00:00,1337,9.129269755
2025-03-25 18:00:00,774,10.57344967
2025-03-25 19:00:00,935,10.61370899
2025-03-25 20:00:00,901,7.522859947
2025-03-25 21:00:00,1040,8.40028106
2025-03-25 23:00:00,791,6.550987421
2025-03-26 0:00:00,841,12.88968413
2025-03-26 1:00:00,1016,64.35423947
2025-03-26 2:00:00,1058,8.195349964
2025-03-26 3:00:00,798,7.675556845
2025-03-26 4:00:00,861,7.504887565
2025-03-26 5:00:00,935,7.446406114
2025-03-26 6:00:00,692,8.349676176
2025-03-26 7:00:00,790,7.97975835
2025-03-26 8:00:00,981,10.05800444
2025-03-26 9:00:00,821,8.820364839
2025-03-26 10:00:00,1162,10.48562958
2025-03-26 11:00:00,742,8.447531609
2025-03-26 12:00:00,1076,7.120041943
2025-03-26 13:00:00,1231,8.316556427
2025-03-26 14:00:00,1084,9.363044124
2025-03-26 15:00:00,1082,9.2743719
2025-03-26 16:00:00,905,7.543076887
2025-03-26 17:00:00,980,8.6170389
2025-03-26 18:00:00,1126,10.70226404
2025-03-26 19:00:00,1205,9.579600152
2025-03-26 20:00:00,1086,12.0286479
2025-03-26 21:00:00,1247,6.982742531
2025-03-26 22:00:00,1216,8.535008222
2025-03-26 23:00:00,838,8.727305141
2025-03-27 0:00:00,876,8.049807331
2025-03-27 1:00:00,1112,8.892246651
2025-03-27 2:00:00,1201,8.701795452
2025-03-27 3:00:00,1136,6.772460036
2025-03-27 4:00:00,726,7.643170573
2025-03-27 5:00:00,631,8.410686147
2025-03-27 6:00:00,883,8.567214052
2025-03-27 7:00:00,1154,9.123542734
2025-03-27 8:00:00,1626,8.099229181
2025-03-27 9:00:00,1395,6.944946723
2025-03-27 10:00:00,1378,9.049438816
2025-03-27 11:00:00,1187,8.022096789
2025-03-27 12:00:00,763,6.898568512
2025-03-27 13:00:00,1328,7.386695099
2025-03-27 14:00:00,1976,7.965210345
2025-03-27 15:00:00,2199,7.979766852
2025-03-27 16:00:00,3421,9.551519215
2025-03-27 17:00:00,1089,10.47406449
2025-03-27 18:00:00,1097,7.328559881
2025-03-27 19:00:00,1532,8.464224132
2025-03-27 20:00:00,971,8.442312764
2025-03-27 21:00:00,1116,7.819281796
2025-03-27 22:00:00,868,6.728970431
2025-03-27 23:00:00,802,7.268684035
2025-03-28 0:00:00,1162,7.549906413
2025-03-28 1:00:00,849,7.752675936
2025-03-28 2:00:00,1162,10.13041515
2025-03-28 3:00:00,1684,7.968485645
2025-03-28 4:00:00,1014,7.596863177
2025-03-28 5:00:00,866,8.136438629
2025-03-28 6:00:00,907,9.659472955
2025-03-28 7:00:00,1075,8.65222428
2025-03-28 8:00:00,1004,7.868170741
2025-03-28 9:00:00,1005,9.083353986
2025-03-28 10:00:00,1259,8.170032734
2025-03-28 11:00:00,1273,7.489350255
2025-03-28 12:00:00,1168,7.996851843
2025-03-28 13:00:00,1289,7.881424613
2025-03-28 14:00:00,1285,8.631397359
2025-03-28 15:00:00,1084,6.315666338
2025-03-28 16:00:00,1214,8.195949273
2025-03-28 17:00:00,1212,9.073977697
2025-03-28 18:00:00,1187,7.463233496
2025-03-28 19:00:00,1231,8.777643027
2025-03-28 20:00:00,1039,8.282409922
2025-03-28 21:00:00,1178,6.335637167
2025-03-28 22:00:00,957,6.689563424
2025-03-28 23:00:00,815,6.022470599
2025-03-29 4:00:00,669,5.263860899
2025-03-29 5:00:00,667,5.612248614
2025-03-29 7:00:00,742,6.589934458
2025-03-29 9:00:00,659,6.208952824
2025-03-29 10:00:00,748,5.695046273
2025-03-29 11:00:00,977,6.994014282
2025-03-29 16:00:00,758,5.356711917
2025-03-29 22:00:00,1251,6.21370678
2025-03-30 0:00:00,886,5.668154069
2025-03-30 1:00:00,989,5.656358589
2025-03-30 4:00:00,871,5.934050757
2025-03-30 5:00:00,876,5.038322102
2025-03-30 6:00:00,744,5.672092328
2025-03-30 9:00:00,616,5.896068541
2025-03-30 14:00:00,995,6.846035237
2025-03-30 16:00:00,1016,6.610423262
2025-03-30 18:00:00,799,5.429213964
2025-03-30 19:00:00,994,5.66231621
2025-03-30 20:00:00,1250,5.322611426
2025-03-30 22:00:00,919,6.202139912
2025-03-30 23:00:00,1098,6.2083437
2025-03-31 0:00:00,1105,6.488643155
2025-03-31 1:00:00,928,7.565234835
2025-03-31 2:00:00,996,7.691839111
2025-03-31 3:00:00,977,6.672715275
2025-03-31 4:00:00,1050,5.183686235
2025-03-31 5:00:00,790,6.39227137
2025-03-31 6:00:00,809,7.237979153
2025-03-31 7:00:00,808,6.601188853
2025-03-31 8:00:00,856,7.799088153
2025-03-31 9:00:00,1092,6.732995609
2025-03-31 10:00:00,842,7.627901938
2025-03-31 11:00:00,946,6.903588797
2025-03-31 12:00:00,1267,7.711721037
2025-03-31 13:00:00,1196,5.67213192
2025-03-31 14:00:00,1341,6.738873495
2025-03-31 15:00:00,974,8.443137457
2025-03-31 16:00:00,1085,7.145377845
2025-03-31 17:00:00,883,6.192999331
2025-03-31 18:00:00,868,6.627718928
2025-03-31 19:00:00,1445,7.073405636
2025-03-31 20:00:00,1232,6.01025258
2025-03-31 21:00:00,813,6.581781645
2025-03-31 22:00:00,956,6.335112455
2025-03-31 23:00:00,1233,5.882636743
2025-04-01 0:00:00,899,6.937600369
2025-04-01 1:00:00,794,7.561004482
2025-04-01 2:00:00,881,7.92079506
2025-04-01 3:00:00,902,8.748750792
2025-04-01 4:00:00,625,7.287269427
2025-04-01 5:00:00,633,8.403359628
2025-04-01 6:00:00,411,8.622153942
2025-04-01 7:00:00,475,7.821893065
2025-04-01 8:00:00,596,8.806234271
2025-04-01 9:00:00,526,8.950397979
2025-04-01 10:00:00,863,7.954233845
2025-04-01 11:00:00,568,10.46379037
2025-04-01 12:00:00,751,7.225091259
2025-04-01 13:00:00,758,7.890078747
2025-04-01 14:00:00,1133,7.738805309
2025-04-01 15:00:00,911,8.928282944
2025-04-01 16:00:00,4504,8.191919552
2025-04-01 17:00:00,1259,7.279829909
2025-04-01 18:00:00,961,6.490327744
2025-04-01 19:00:00,944,7.515281748
2025-04-01 20:00:00,1243,6.923450097
2025-04-01 21:00:00,1215,7.682574009
2025-04-01 22:00:00,965,6.724620187
2025-04-01 23:00:00,1283,6.471676914
2025-04-02 0:00:00,1234,6.769808308
2025-04-02 1:00:00,1014,5.712033384
2025-04-02 2:00:00,1270,7.412290706
2025-04-02 3:00:00,1118,6.908617538
2025-04-02 4:00:00,1500,6.71599786
2025-04-02 5:00:00,892,6.057808727
2025-04-02 6:00:00,832,8.946874372
2025-04-02 7:00:00,680,8.452120883
2025-04-02 8:00:00,695,7.219766115
2025-04-02 9:00:00,837,7.350206573
2025-04-02 10:00:00,748,7.915523141
2025-04-02 11:00:00,1111,8.401162147
2025-04-02 12:00:00,1152,7.360940648
2025-04-02 13:00:00,1314,9.074196608
2025-04-02 14:00:00,1205,7.918168938
2025-04-02 15:00:00,1561,8.006134617
2025-04-02 16:00:00,1159,8.196374339
2025-04-02 17:00:00,1153,7.36675558
2025-04-02 18:00:00,1468,6.960331075
2025-04-02 19:00:00,1213,6.370724904
2025-04-02 20:00:00,989,7.383772687
2025-04-02 21:00:00,1096,7.727445515
2025-04-02 22:00:00,1241,8.901618278
2025-04-02 23:00:00,1246,7.788566325
2025-04-03 0:00:00,1319,7.304005924
2025-04-03 1:00:00,1312,9.761576961
2025-04-03 2:00:00,1061,6.752930469
2025-04-03 3:00:00,1068,7.847009551
2025-04-03 4:00:00,1255,7.35943711
2025-04-03 5:00:00,824,7.054998554
2025-04-03 6:00:00,908,7.189933809
2025-04-03 7:00:00,764,8.834807969
2025-04-03 8:00:00,760,8.100038207
2025-04-03 9:00:00,927,7.161015898
2025-04-03 10:00:00,865,7.497676897
2025-04-03 11:00:00,1053,7.897952437
2025-04-03 12:00:00,807,7.224892878
2025-04-03 13:00:00,1131,7.166494192
2025-04-03 14:00:00,1248,8.10841178
2025-04-03 15:00:00,1187,7.356382689
2025-04-03 16:00:00,1199,7.49164671
2025-04-03 17:00:00,1342,7.184348381
2025-04-03 18:00:00,1136,8.751943201
2025-04-03 19:00:00,1106,5.765904613
2025-04-03 20:00:00,929,6.635329079
2025-04-03 21:00:00,794,6.936876193
2025-04-03 22:00:00,777,8.137157935
2025-04-03 23:00:00,1042,6.817093015
2025-04-04 0:00:00,1208,6.102883305
2025-04-04 1:00:00,1056,5.582443562
2025-04-04 2:00:00,1084,7.345241721
2025-04-04 3:00:00,1001,7.119298307
2025-04-04 4:00:00,879,6.228191386
2025-04-04 5:00:00,947,6.144775736
2025-04-04 6:00:00,729,6.439375477
2025-04-04 7:00:00,815,5.817097557
2025-04-04 8:00:00,816,7.575669724
2025-04-04 9:00:00,1031,6.272216823
2025-04-04 10:00:00,844,6.331250729
2025-04-04 11:00:00,827,7.10601646
2025-04-04 12:00:00,1049,7.892128868
2025-04-04 13:00:00,1085,8.255521358
2025-04-04 14:00:00,985,8.561464376
2025-04-04 15:00:00,1104,9.678171264
2025-04-04 16:00:00,1197,8.842599246
2025-04-04 17:00:00,1050,6.094872962
2025-04-04 18:00:00,1067,7.864146968
2025-04-04 19:00:00,2686,6.874961883
2025-04-04 20:00:00,2690,4.984086037
2025-04-04 21:00:00,830,6.82484303
2025-04-04 22:00:00,750,5.805192323
2025-04-04 23:00:00,680,7.403895041
2025-04-05 0:00:00,899,7.772932892
2025-04-05 2:00:00,945,5.233602885
2025-04-05 4:00:00,532,6.630549429
2025-04-05 5:00:00,493,5.919546426
2025-04-05 7:00:00,700,5.75896335
2025-04-05 10:00:00,528,7.715699138
2025-04-05 13:00:00,862,5.935675853
2025-04-05 15:00:00,839,6.204898401
2025-04-05 18:00:00,974,7.439297434
2025-04-05 19:00:00,1082,6.472575971
2025-04-05 20:00:00,977,5.858317243
2025-04-05 21:00:00,1000,14.49586962
2025-04-05 22:00:00,888,5.821682906
2025-04-06 0:00:00,1088,6.130020728
2025-04-06 1:00:00,804,6.040144274
2025-04-06 2:00:00,768,12.16968002
2025-04-06 3:00:00,764,4.630771435
2025-04-06 7:00:00,953,6.03655556
2025-04-06 13:00:00,861,12.76043509
2025-04-06 15:00:00,1241,7.272590772
2025-04-06 16:00:00,1251,6.773043229
2025-04-06 18:00:00,955,7.056065255
2025-04-06 19:00:00,1145,8.657671306
2025-04-06 20:00:00,1375,5.664805483
2025-04-06 22:00:00,1021,5.697623836
2025-04-07 1:00:00,1449,9.034581634
2025-04-07 2:00:00,1297,6.991941263
2025-04-07 3:00:00,961,7.390051755
2025-04-07 4:00:00,1056,6.5698463
2025-04-07 5:00:00,947,6.639334652
2025-04-07 6:00:00,1023,8.764481962
2025-04-07 7:00:00,1188,7.307404017
2025-04-07 8:00:00,1033,7.334818637
2025-04-07 9:00:00,926,7.50538743
2025-04-07 10:00:00,751,8.503796426
2025-04-07 11:00:00,994,9.957761337
2025-04-07 12:00:00,7490,11.64935115
2025-04-07 13:00:00,8327,7.498820136
2025-04-07 14:00:00,1046,11.32225352
2025-04-07 15:00:00,1637,7.486018877
2025-04-07 16:00:00,1291,7.544062259
2025-04-07 17:00:00,4552,8.74635473
2025-04-07 18:00:00,10766,7.777892268
2025-04-07 19:00:00,1489,7.06390604
2025-04-07 20:00:00,7317,6.1166046
2025-04-07 21:00:00,2962,8.608838514
2025-04-07 22:00:00,1176,7.695762739
2025-04-07 23:00:00,938,16.0115476
2025-04-08 0:00:00,3529,12.13654565
2025-04-08 1:00:00,3957,12.01370692
2025-04-08 2:00:00,2927,14.52611947
2025-04-08 3:00:00,2846,10.96849142
2025-04-08 4:00:00,1667,8.3409858
2025-04-08 5:00:00,2010,9.95471728
2025-04-08 6:00:00,767,8.554685069
2025-04-08 7:00:00,1167,9.0773221
2025-04-08 8:00:00,2077,10.03922676
2025-04-08 9:00:00,1030,9.455147301
2025-04-08 10:00:00,11549,8.488445609
2025-04-08 11:00:00,12209,7.049568931
2025-04-08 12:00:00,14280,7.708775523
2025-04-08 13:00:00,12101,6.98802815
2025-04-08 14:00:00,9671,10.52879802
2025-04-08 15:00:00,1403,8.604021014
2025-04-08 16:00:00,1964,6.887572863
2025-04-08 17:00:00,1369,8.025162845
2025-04-08 18:00:00,1198,6.606268753
2025-04-08 19:00:00,1404,6.792922611
2025-04-08 20:00:00,1093,8.678843947
2025-04-08 21:00:00,1153,7.485084688
2025-04-08 22:00:00,1324,7.169412403
2025-04-08 23:00:00,1222,7.798420395
2025-04-09 0:00:00,1992,7.230556974
2025-04-09 1:00:00,1258,6.605673252
2025-04-09 2:00:00,1372,7.836139421
2025-04-09 3:00:00,1230,6.082828901
2025-04-09 4:00:00,2527,5.787286029
2025-04-09 5:00:00,1130,7.3798895
2025-04-09 6:00:00,1120,7.211430347
2025-04-09 7:00:00,1353,6.618599122
2025-04-09 8:00:00,1371,8.424697663
2025-04-09 9:00:00,1603,7.088947722
2025-04-09 10:00:00,875,6.475972072
2025-04-09 11:00:00,2170,7.825781307
2025-04-09 12:00:00,3293,8.987750969
2025-04-09 13:00:00,3450,7.428950731
2025-04-09 14:00:00,7683,9.04361724
2025-04-09 15:00:00,1298,7.6653261
2025-04-09 16:00:00,5531,8.116370019
2025-04-09 17:00:00,8027,9.058100171
2025-04-09 18:00:00,6899,7.005920969
2025-04-09 19:00:00,1318,6.442531807
2025-04-09 20:00:00,1419,8.599779216
2025-04-09 21:00:00,6697,7.066192122
2025-04-09 22:00:00,7885,5.737888165
2025-04-09 23:00:00,8152,6.301784728
2025-04-10 0:00:00,8390,6.548559642
2025-04-10 1:00:00,3910,6.30191526
2025-04-10 2:00:00,1335,8.262814503
2025-04-10 3:00:00,1367,5.760795345
2025-04-10 4:00:00,1248,5.351671777
2025-04-10 5:00:00,902,8.683635332
2025-04-10 6:00:00,3897,7.976184362
2025-04-10 7:00:00,8497,7.114558558
2025-04-10 8:00:00,8153,6.411193911
2025-04-10 9:00:00,1344,8.187453633
2025-04-10 10:00:00,1392,6.874052765
2025-04-10 11:00:00,2428,5.909472256
2025-04-10 12:00:00,2873,6.363318523
2025-04-10 13:00:00,5949,9.109014524
2025-04-10 14:00:00,5394,10.98958891
2025-04-10 15:00:00,1656,11.3171953
2025-04-10 16:00:00,2008,6.616174859
2025-04-10 17:00:00,2100,6.812022381
2025-04-10 18:00:00,2090,7.236935114
2025-04-10 19:00:00,1768,7.267451141
2025-04-10 20:00:00,1738,5.917845951
2025-04-10 21:00:00,1687,6.215674462
2025-04-10 22:00:00,1495,5.813489112
2025-04-10 23:00:00,1594,8.743591877
2025-04-11 0:00:00,1337,6.120957587
2025-04-11 1:00:00,1673,8.245138544
2025-04-11 2:00:00,1710,8.101546151
2025-04-11 3:00:00,1620,6.648258314
2025-04-11 4:00:00,1569,5.928956005
2025-04-11 5:00:00,1606,6.550879902
2025-04-11 6:00:00,1682,7.364254249
2025-04-11 7:00:00,1942,7.835347342
2025-04-11 8:00:00,1796,6.282134991
2025-04-11 9:00:00,1550,6.977299846
2025-04-11 10:00:00,2250,6.101007869
2025-04-11 11:00:00,1900,8.913654596
2025-04-11 12:00:00,2357,7.946710228
2025-04-11 13:00:00,2025,6.346544422
2025-04-11 14:00:00,1848,7.773518377
2025-04-11 15:00:00,10448,8.579185873
2025-04-11 16:00:00,9817,8.875988731
2025-04-11 17:00:00,9617,8.752959757
2025-04-11 18:00:00,9698,7.050705214
2025-04-11 19:00:00,11549,7.277886888
2025-04-11 20:00:00,11030,6.545652962
2025-04-11 22:00:00,10241,6.399176465
2025-04-11 23:00:00,10454,6.846321035
2025-04-12 1:00:00,8538,8.096999799
2025-04-12 3:00:00,822,11.6547462
2025-04-12 4:00:00,718,6.703607305
2025-04-12 5:00:00,631,8.214690155
2025-04-12 7:00:00,591,7.721359325
2025-04-12 10:00:00,758,6.950698643
2025-04-12 11:00:00,6056,11.43662705
2025-04-12 12:00:00,11265,7.308977246
2025-04-12 14:00:00,11655,7.038496558
2025-04-12 16:00:00,11803,7.332185867
2025-04-12 18:00:00,899,7.460599569
2025-04-12 19:00:00,877,6.726178604
2025-04-12 20:00:00,948,7.88569165
2025-04-12 21:00:00,745,6.477004708
2025-04-12 23:00:00,801,7.914057212
2025-04-13 0:00:00,613,6.768096862
2025-04-13 3:00:00,703,10.38427783
2025-04-13 7:00:00,665,7.253469759
2025-04-13 9:00:00,954,10.74845139
2025-04-13 11:00:00,826,6.887992687
2025-04-13 12:00:00,778,8.389126575
2025-04-13 13:00:00,1194,7.350825
2025-04-13 15:00:00,923,7.98955807
2025-04-13 16:00:00,1003,45.30777187
2025-04-13 18:00:00,1423,6.81824009
2025-04-13 22:00:00,1215,7.389011883
2025-04-14 0:00:00,1032,8.983844272
2025-04-14 1:00:00,1172,7.299946657
2025-04-14 2:00:00,1113,7.446711751
2025-04-14 3:00:00,1246,7.557020451
2025-04-14 4:00:00,1154,6.213737754
2025-04-14 5:00:00,1119,6.267627336
2025-04-14 6:00:00,1435,7.032441845
2025-04-14 7:00:00,1430,9.262699076
2025-04-14 8:00:00,1498,7.396903618
2025-04-14 9:00:00,1196,8.525182765
2025-04-14 10:00:00,1679,6.226539036
2025-04-14 11:00:00,1216,7.375694795
2025-04-14 13:00:00,1594,8.022912461
2025-04-14 14:00:00,1759,7.223087618
2025-04-14 15:00:00,1292,7.611250852
2025-04-14 16:00:00,1012,8.107430419
2025-04-14 17:00:00,1195,7.542823991
2025-04-14 18:00:00,1026,6.401141269
2025-04-14 19:00:00,953,9.189749354
2025-04-14 20:00:00,870,5.979323259
2025-04-14 21:00:00,985,5.532931121
2025-04-14 22:00:00,793,7.297189618
2025-04-14 23:00:00,691,9.29288814
2025-04-15 0:00:00,1258,5.598786038
2025-04-15 1:00:00,1212,6.952697269
2025-04-15 2:00:00,1009,7.633343155
2025-04-15 3:00:00,1101,7.510499139
2025-04-15 4:00:00,771,11.60809129
2025-04-15 6:00:00,971,9.030188076
2025-04-15 7:00:00,1156,8.623305691
2025-04-15 8:00:00,1020,11.48241362
2025-04-15 9:00:00,1090,8.609403416
2025-04-15 10:00:00,749,6.767354248
2025-04-15 11:00:00,1082,10.29478349
2025-04-15 12:00:00,1223,10.40456997
2025-04-15 13:00:00,1481,9.521584189
2025-04-15 14:00:00,1520,8.534652137
2025-04-15 15:00:00,1396,8.545749667
2025-04-15 16:00:00,1332,9.177848473
2025-04-15 17:00:00,955,11.21098392
2025-04-15 18:00:00,1030,8.518037442
2025-04-15 19:00:00,955,7.464386704
2025-04-15 20:00:00,1035,7.588873554
2025-04-15 21:00:00,910,7.567201229
2025-04-15 22:00:00,747,7.388885568
2025-04-15 23:00:00,875,7.317027568
2025-04-16 0:00:00,1030,14.01701359
2025-04-16 1:00:00,1084,15.66260913
2025-04-16 2:00:00,915,14.90776932
2025-04-16 3:00:00,759,13.54943041
2025-04-16 4:00:00,899,8.632338106
2025-04-16 5:00:00,840,7.150517249
2025-04-16 6:00:00,817,6.7214162
2025-04-16 7:00:00,1089,8.676249892
2025-04-16 8:00:00,1213,7.753478496
2025-04-16 9:00:00,1078,7.378654959
2025-04-16 10:00:00,819,7.606303276
2025-04-16 11:00:00,976,7.117253767
2025-04-16 12:00:00,1025,6.765453216
2025-04-16 13:00:00,1081,7.997526929
2025-04-16 14:00:00,1443,9.210915721
2025-04-16 15:00:00,1287,6.403499601
2025-04-16 16:00:00,1065,7.479318405
2025-04-16 17:00:00,1072,8.513588203
2025-04-16 18:00:00,1483,7.403035951
2025-04-16 19:00:00,1045,6.895860133
2025-04-16 20:00:00,1381,7.884569479
2025-04-16 21:00:00,1066,6.384326082
2025-04-16 22:00:00,946,6.962744414
2025-04-16 23:00:00,817,7.31823566
2025-04-17 0:00:00,1038,6.131196274
2025-04-17 1:00:00,1064,8.358651573
2025-04-17 2:00:00,1320,11.4510082
2025-04-17 3:00:00,1019,14.96570649
2025-04-17 4:00:00,1234,10.91758208
2025-04-17 5:00:00,858,7.991656277
2025-04-17 6:00:00,960,8.123729015
2025-04-17 7:00:00,1319,7.390943165
2025-04-17 8:00:00,1310,6.351443571
2025-04-17 9:00:00,1039,7.133744269
2025-04-17 10:00:00,805,9.246325071
2025-04-17 11:00:00,875,6.380129496
2025-04-17 13:00:00,985,7.853883832
2025-04-17 15:00:00,1158,9.240337098
2025-04-17 16:00:00,1579,6.883250332
2025-04-17 17:00:00,1578,6.884115562
2025-04-17 18:00:00,1571,6.988251497
2025-04-17 19:00:00,1258,6.771050575
2025-04-17 20:00:00,889,6.358257297
2025-04-17 21:00:00,882,5.799997521
2025-04-17 22:00:00,571,5.980516482
2025-04-17 23:00:00,954,6.676478322
2025-04-18 0:00:00,752,6.556806442
2025-04-18 1:00:00,819,6.912206635
2025-04-18 2:00:00,715,6.423920228
2025-04-18 3:00:00,985,6.413165927
2025-04-18 4:00:00,642,8.556812432
2025-04-18 5:00:00,566,7.243657074
2025-04-18 6:00:00,982,7.24690445
2025-04-18 7:00:00,889,6.336530939
2025-04-18 8:00:00,690,6.300924931
2025-04-18 9:00:00,908,6.606838417
2025-04-18 10:00:00,1068,10.29545855
2025-04-18 11:00:00,1058,6.84335905
2025-04-18 12:00:00,948,7.184979561
2025-04-18 13:00:00,1240,8.93308671
2025-04-18 14:00:00,953,6.578024023
2025-04-18 15:00:00,1083,6.696460486
2025-04-18 16:00:00,1737,8.354302299
2025-04-18 17:00:00,1050,5.789516078
2025-04-18 18:00:00,850,6.569201577
2025-04-18 19:00:00,1103,6.314531806
2025-04-18 20:00:00,946,6.75671336
2025-04-18 21:00:00,1104,7.276600231
2025-04-18 22:00:00,904,5.765159254
2025-04-18 23:00:00,870,5.583897701
2025-04-19 1:00:00,893,5.599756877
2025-04-19 2:00:00,982,4.865248855
2025-04-19 3:00:00,908,5.733472936
2025-04-19 7:00:00,739,6.171555461
2025-04-19 8:00:00,740,5.795545777
2025-04-19 10:00:00,544,6.602549753
2025-04-19 12:00:00,1167,6.038705621
2025-04-19 14:00:00,1246,6.168297646
2025-04-19 15:00:00,1194,6.727765451
2025-04-19 16:00:00,1236,8.401577843
2025-04-19 23:00:00,771,7.926788094
2025-04-20 2:00:00,710,7.495499591
2025-04-20 3:00:00,673,5.369915102
2025-04-20 4:00:00,748,4.594024191
2025-04-20 5:00:00,654,8.220017259
2025-04-20 6:00:00,804,6.594540252
2025-04-20 7:00:00,585,7.721998662
2025-04-20 9:00:00,559,5.57611226
2025-04-20 10:00:00,362,5.525041994
2025-04-20 12:00:00,869,6.176440547
2025-04-20 13:00:00,935,5.83145477
2025-04-20 14:00:00,1091,5.712974979
2025-04-20 15:00:00,1311,7.327443723
2025-04-20 16:00:00,1516,5.946545264
2025-04-20 18:00:00,1255,5.544482156
2025-04-20 21:00:00,1553,5.522384107
2025-04-20 23:00:00,1394,6.855596746
2025-04-21 0:00:00,1352,5.791893438
2025-04-21 1:00:00,1659,8.050019323
2025-04-21 2:00:00,1732,6.10972778
2025-04-21 3:00:00,1547,8.132078273
2025-04-21 4:00:00,1050,6.40030463
2025-04-21 5:00:00,1080,6.076818456
2025-04-21 6:00:00,1193,6.537853637
2025-04-21 7:00:00,900,6.988296603
2025-04-21 8:00:00,1016,7.873101646
2025-04-21 9:00:00,1034,8.341462546
2025-04-21 10:00:00,829,6.17352836
2025-04-21 11:00:00,1269,6.170152207
2025-04-21 12:00:00,2380,7.239188489
2025-04-21 13:00:00,3173,7.051405974
2025-04-21 14:00:00,2200,7.52057664
2025-04-21 15:00:00,1965,7.25183776
2025-04-21 16:00:00,1822,6.40353696
2025-04-21 17:00:00,2915,6.588273387
2025-04-21 18:00:00,2014,7.498023167
2025-04-21 19:00:00,1292,6.290927861
2025-04-21 20:00:00,993,7.255501482
2025-04-21 21:00:00,1034,7.580140327
2025-04-21 22:00:00,962,6.446540661
2025-04-21 23:00:00,1040,6.194285966
2025-04-22 0:00:00,1303,6.495672094
2025-04-22 1:00:00,1154,7.339282872
2025-04-22 2:00:00,1137,8.882151644
2025-04-22 3:00:00,1238,7.490718714
2025-04-22 5:00:00,921,7.832109549
2025-04-22 6:00:00,767,8.399644664
2025-04-22 7:00:00,910,8.995154008
2025-04-22 8:00:00,747,8.727239749
2025-04-22 9:00:00,937,8.949158973
2025-04-22 10:00:00,750,8.637615374
2025-04-22 11:00:00,2384,7.302335731
2025-04-22 12:00:00,2478,8.124204562
2025-04-22 13:00:00,1297,7.659793534
2025-04-22 14:00:00,1408,8.393402975
2025-04-22 15:00:00,1821,7.104699768
2025-04-22 16:00:00,1480,6.607004636
2025-04-22 17:00:00,1385,7.927820256
2025-04-22 18:00:00,1400,7.202039563
2025-04-22 19:00:00,1070,7.742884907
2025-04-22 20:00:00,1673,6.832764401
2025-04-22 21:00:00,2017,5.766269911
2025-04-22 22:00:00,1611,8.063030505
2025-04-22 23:00:00,1704,9.34423946
2025-04-23 0:00:00,1573,7.205185152
2025-04-23 1:00:00,1799,9.096641826
2025-04-23 2:00:00,1882,7.195763838
2025-04-23 3:00:00,1711,8.939637169
2025-04-23 4:00:00,1791,8.281423411
2025-04-23 5:00:00,1532,8.190593026
2025-04-23 6:00:00,1914,8.839844696
2025-04-23 7:00:00,1562,8.988589335
2025-04-23 8:00:00,2459,8.592292056
2025-04-23 9:00:00,2565,8.275232715
2025-04-23 10:00:00,3067,7.002252423
2025-04-23 11:00:00,2545,8.16931842
2025-04-23 12:00:00,3155,8.206325671
2025-04-23 13:00:00,3834,7.229717841
2025-04-23 14:00:00,3225,6.269239185
2025-04-23 15:00:00,2952,7.909706527
2025-04-23 16:00:00,2966,7.135696167
2025-04-23 17:00:00,2775,6.93442585
2025-04-23 18:00:00,1640,8.146494695
2025-04-23 19:00:00,1401,6.374813268
2025-04-23 20:00:00,1741,5.892064828
2025-04-23 21:00:00,1616,6.502997529
2025-04-23 22:00:00,1624,6.312683882
2025-04-23 23:00:00,1370,6.406073459
2025-04-24 0:00:00,1769,6.744025975
2025-04-24 1:00:00,1577,7.140829929
2025-04-24 2:00:00,1634,6.444844814
2025-04-24 3:00:00,1304,7.231996565
2025-04-24 4:00:00,1051,8.880507116
2025-04-24 5:00:00,998,7.546929436
2025-04-24 6:00:00,644,6.975023393
2025-04-24 7:00:00,3547,10.47338692
2025-04-24 8:00:00,5704,7.525097021
2025-04-24 9:00:00,4837,8.822324925
2025-04-24 10:00:00,4808,7.622613321
2025-04-24 11:00:00,4332,7.822219349
2025-04-24 12:00:00,4659,7.785260083
2025-04-24 13:00:00,5409,7.723229107
2025-04-24 14:00:00,6001,7.285802908
2025-04-24 15:00:00,4008,7.976190894
2025-04-24 16:00:00,2265,6.841491019
2025-04-24 17:00:00,740,7.41631475
2025-04-24 18:00:00,655,6.187964474
2025-04-24 19:00:00,1626,7.171574788
2025-04-24 20:00:00,1284,6.698823149
2025-04-24 21:00:00,1208,6.462798543
2025-04-24 22:00:00,715,7.065831322
2025-04-25 0:00:00,1255,7.722023481
2025-04-25 1:00:00,1583,6.58305944
2025-04-25 2:00:00,1514,7.165194232
2025-04-25 3:00:00,1362,6.652259715
2025-04-25 4:00:00,917,10.88160373
2025-04-25 5:00:00,841,7.343522829
2025-04-25 6:00:00,1071,8.687834516
2025-04-25 7:00:00,1053,8.979013864
2025-04-25 8:00:00,1108,7.646043104
2025-04-25 9:00:00,852,7.557916151
2025-04-25 10:00:00,1155,7.560787963
2025-04-25 11:00:00,952,8.150530484
2025-04-25 12:00:00,930,8.342201253
2025-04-25 13:00:00,1044,9.429776731
2025-04-25 14:00:00,1492,7.18304269
2025-04-25 15:00:00,1549,7.385562856
2025-04-25 16:00:00,1883,6.350637411
2025-04-25 17:00:00,1227,8.193579326
2025-04-25 18:00:00,1277,7.99159522
2025-04-25 19:00:00,1351,7.308065005
2025-04-25 20:00:00,1119,7.964498555
2025-04-25 21:00:00,956,7.71509352
2025-04-25 22:00:00,1116,8.428976655
2025-04-25 23:00:00,1343,7.31721846
2025-04-26 0:00:00,1577,7.544064568
2025-04-26 3:00:00,1112,7.532570801
2025-04-26 7:00:00,1072,6.020848677
2025-04-26 8:00:00,880,7.494517329
2025-04-26 9:00:00,1100,7.885239076
2025-04-26 10:00:00,998,8.071527664
2025-04-26 11:00:00,1305,6.082384289
2025-04-26 12:00:00,4282,8.2304573
2025-04-26 13:00:00,2508,8.530057234
2025-04-26 14:00:00,4265,7.35830326
2025-04-26 16:00:00,2742,8.382861136
2025-04-26 17:00:00,5627,7.560109164
2025-04-26 19:00:00,5978,8.100305846
2025-04-26 21:00:00,8963,7.707485867
2025-04-26 22:00:00,10131,8.825140569
2025-04-27 1:00:00,4632,7.053426128
2025-04-27 2:00:00,1863,8.719432493
2025-04-27 3:00:00,1123,7.870043613
2025-04-27 5:00:00,2484,7.662094159
2025-04-27 6:00:00,7380,10.4603655
2025-04-27 8:00:00,6151,8.995945051
2025-04-27 9:00:00,2643,7.914113702
2025-04-27 10:00:00,7410,10.52729807
2025-04-27 12:00:00,8048,10.44882125
2025-04-27 14:00:00,6111,8.398927586
2025-04-27 15:00:00,9694,10.34069066
2025-04-27 16:00:00,9704,8.696871949
2025-04-27 18:00:00,8611,10.38602444
2025-04-27 20:00:00,8083,7.679970645
2025-04-27 22:00:00,6118,9.779221211
2025-04-27 23:00:00,6449,7.765447424
2025-04-28 0:00:00,7266,6.677815026
2025-04-28 1:00:00,1435,8.798629948
2025-04-28 2:00:00,1613,7.146089465
2025-04-28 3:00:00,1584,9.127201968
2025-04-28 4:00:00,1141,7.005780737
2025-04-28 5:00:00,1366,7.766335793
2025-04-28 6:00:00,1383,9.054462436
2025-04-28 7:00:00,4106,8.381503671
2025-04-28 8:00:00,9250,14.02654556
2025-04-28 9:00:00,8494,10.28545842
2025-04-28 10:00:00,7990,8.593090422
2025-04-28 11:00:00,7783,8.571424507
2025-04-28 12:00:00,10489,8.226141765
2025-04-28 13:00:00,10924,7.282853896
2025-04-28 14:00:00,7809,7.773524224
2025-04-28 15:00:00,2391,11.48748946
2025-04-28 16:00:00,2353,5.513469538
2025-04-28 17:00:00,1767,8.166430266
2025-04-28 18:00:00,1555,6.517826651
2025-04-28 19:00:00,1432,7.101103338
2025-04-28 20:00:00,2032,7.195115003
2025-04-28 21:00:00,1700,6.769455269
2025-04-28 22:00:00,1881,6.126949555
2025-04-28 23:00:00,1608,6.406597455
2025-04-29 0:00:00,1965,6.023889776
2025-04-29 1:00:00,1891,6.55296821
2025-04-29 2:00:00,2038,6.675578987
2025-04-29 3:00:00,1796,6.721327547
2025-04-29 4:00:00,1326,6.861590717
2025-04-29 5:00:00,1270,6.946601175
2025-04-29 6:00:00,1202,7.660825837
2025-04-29 7:00:00,971,7.355510035
2025-04-29 8:00:00,1099,6.585485073
2025-04-29 9:00:00,1221,6.785911877
2025-04-29 10:00:00,1143,6.149145876
2025-04-29 11:00:00,1249,9.108922448
2025-04-29 12:00:00,1584,10.00035731
2025-04-29 13:00:00,1794,8.655270751
2025-04-29 14:00:00,2390,9.845277067
2025-04-29 15:00:00,2359,10.22724024
2025-04-29 16:00:00,2179,8.448779012
2025-04-29 17:00:00,1835,8.636695218
2025-04-29 18:00:00,1804,8.240335524
2025-04-29 19:00:00,1689,7.916976129
2025-04-29 20:00:00,1859,8.526816465
2025-04-29 21:00:00,1940,7.799209665
2025-04-29 22:00:00,1662,7.229132957
2025-04-29 23:00:00,1595,7.167922105
2025-04-30 0:00:00,1611,8.379397651
2025-04-30 1:00:00,1818,7.858168734
2025-04-30 2:00:00,1801,8.228205236
2025-04-30 3:00:00,1656,8.09566812
2025-04-30 4:00:00,2016,11.20747696
2025-04-30 5:00:00,1679,8.700061344
2025-04-30 6:00:00,1437,9.385385502
2025-04-30 7:00:00,1195,8.815439781
2025-04-30 8:00:00,1089,7.283408485
2025-04-30 9:00:00,1323,9.08264177
2025-04-30 10:00:00,940,7.814705495
2025-04-30 11:00:00,1761,7.762526416
2025-04-30 12:00:00,2038,7.856749789
2025-04-30 13:00:00,2675,7.670463568
2025-04-30 14:00:00,2348,7.402691588
2025-04-30 15:00:00,1983,7.422723561
2025-04-30 16:00:00,1967,7.174201238
2025-04-30 17:00:00,1985,7.496650461
2025-04-30 18:00:00,2219,7.993711218
2025-04-30 19:00:00,2740,8.219271447
2025-04-30 20:00:00,2592,9.580053962
2025-04-30 21:00:00,2056,6.268100688
2025-04-30 22:00:00,1573,7.932980816
2025-04-30 23:00:00,1600,9.223649859
2025-05-01 0:00:00,1379,6.941065676
2025-05-01 1:00:00,1829,7.955917034
2025-05-01 2:00:00,2627,7.864403624
2025-05-01 3:00:00,2002,6.682065981
2025-05-01 4:00:00,1754,7.585711835
2025-05-01 5:00:00,1434,8.10279523
2025-05-01 6:00:00,1479,9.977331096
2025-05-01 7:00:00,1330,8.506887568
2025-05-01 8:00:00,1510,6.984271854
2025-05-01 9:00:00,1526,6.836437388
2025-05-01 10:00:00,1936,7.550001722
2025-05-01 11:00:00,2241,8.144681022
2025-05-01 12:00:00,2301,8.752650192
2025-05-01 13:00:00,2921,7.81887031
2025-05-01 14:00:00,2344,9.545422091
2025-05-01 15:00:00,2615,7.588642544
2025-05-01 16:00:00,2494,9.636557238
2025-05-01 17:00:00,2219,11.0072135
2025-05-01 18:00:00,2677,8.713230682
2025-05-01 19:00:00,3148,7.437088459
2025-05-01 20:00:00,3184,7.332827994
2025-05-01 21:00:00,2339,7.408975435
2025-05-01 22:00:00,2186,7.271945637
2025-05-01 23:00:00,2252,7.033580546
2025-05-02 0:00:00,2689,7.94361244
2025-05-02 1:00:00,2062,9.301065053
2025-05-02 2:00:00,2221,6.787157821
2025-05-02 3:00:00,1922,6.760997694
2025-05-02 4:00:00,1984,6.929048665
2025-05-02 5:00:00,1559,6.956960425
2025-05-02 6:00:00,1254,7.871548457
2025-05-02 7:00:00,1349,7.490536245
2025-05-02 8:00:00,1342,7.921484607
2025-05-02 9:00:00,1284,8.283657629
2025-05-02 10:00:00,1575,7.288610577
2025-05-02 11:00:00,1933,10.05657599
2025-05-02 12:00:00,2176,7.341216626
2025-05-02 13:00:00,2320,8.126504509
2025-05-02 14:00:00,1801,8.797129652
2025-05-02 15:00:00,2119,9.694171182
2025-05-02 16:00:00,2029,9.978767583
2025-05-02 17:00:00,1449,8.535045033
2025-05-02 18:00:00,1338,7.546684801
2025-05-02 19:00:00,1795,7.821370138
2025-05-02 21:00:00,1357,6.315148058
2025-05-02 22:00:00,1573,6.68602709
2025-05-02 23:00:00,1185,6.315991209
2025-05-03 0:00:00,988,7.061966619
2025-05-03 6:00:00,568,7.674738394
2025-05-03 10:00:00,976,8.37153198
2025-05-03 11:00:00,1134,7.545342317
2025-05-03 13:00:00,1085,10.20770135
2025-05-03 14:00:00,1171,8.427655512
2025-05-03 17:00:00,1118,7.420985146
2025-05-03 23:00:00,1043,7.269449016
2025-05-04 1:00:00,1343,6.905091008
2025-05-04 2:00:00,1276,7.646138611
2025-05-04 3:00:00,1318,7.40103677
2025-05-04 4:00:00,1286,6.916979157
2025-05-04 5:00:00,1159,6.703984478
2025-05-04 10:00:00,913,6.562347402
2025-05-04 12:00:00,1448,6.784314233
2025-05-04 16:00:00,2071,9.274324899
2025-05-04 17:00:00,1876,8.639109157
2025-05-04 21:00:00,1386,7.479725495
2025-05-04 22:00:00,1574,6.38043184
2025-05-04 23:00:00,1444,7.955990341
2025-05-05 0:00:00,1519,6.281768591
2025-05-05 1:00:00,1607,7.149914974
2025-05-05 2:00:00,2014,7.858403284
2025-05-05 3:00:00,2089,6.557039928
2025-05-05 4:00:00,1941,6.346630186
2025-05-05 5:00:00,1143,7.62788558
2025-05-05 6:00:00,1229,7.584431454
2025-05-05 7:00:00,1047,6.885714162
2025-05-05 8:00:00,1241,8.619391486
2025-05-05 9:00:00,1085,7.346459708
2025-05-05 10:00:00,1003,10.07470633
2025-05-05 11:00:00,1412,8.710863991
2025-05-05 12:00:00,1377,8.096385638
2025-05-05 13:00:00,1736,8.570109764
2025-05-05 14:00:00,2336,7.273332451
2025-05-05 15:00:00,3452,7.28435155
2025-05-05 16:00:00,3822,7.406505744
2025-05-05 17:00:00,2887,7.033172175
2025-05-05 18:00:00,2855,8.855005522
2025-05-05 19:00:00,2607,7.028294355
2025-05-05 20:00:00,2193,7.134043244
2025-05-05 21:00:00,2752,7.671015221
2025-05-05 22:00:00,2492,7.021873955
2025-05-05 23:00:00,2502,7.584496262
2025-05-06 0:00:00,2120,6.145137531
2025-05-06 1:00:00,2500,6.481394463
2025-05-06 2:00:00,3403,6.840522893
2025-05-06 3:00:00,3033,5.855763889
2025-05-06 4:00:00,2792,6.198635857
2025-05-06 5:00:00,3101,6.456937815
2025-05-06 6:00:00,2305,7.902097257
2025-05-06 7:00:00,1946,7.617316765
2025-05-06 8:00:00,2283,8.586427555
2025-05-06 9:00:00,2169,8.694119834
2025-05-06 10:00:00,2556,8.490142883
2025-05-06 11:00:00,2086,7.779584907
2025-05-06 12:00:00,5169,8.087587159
2025-05-06 13:00:00,5253,7.694750756
2025-05-06 14:00:00,6068,8.68409834
2025-05-06 15:00:00,6310,7.525725971
2025-05-06 16:00:00,6010,10.52655284
2025-05-06 17:00:00,4705,9.329031236
2025-05-06 18:00:00,5360,8.051563578
2025-05-06 19:00:00,5255,6.477857197
2025-05-06 20:00:00,4893,6.668392468
2025-05-06 21:00:00,4893,6.004039934
2025-05-06 22:00:00,5012,6.285546962
2025-05-06 23:00:00,4862,6.992916849
2025-05-07 0:00:00,5071,5.829097978
2025-05-07 1:00:00,5678,6.214612283
2025-05-07 2:00:00,5259,8.156021572
2025-05-07 3:00:00,5710,6.588756333
2025-05-07 4:00:00,5537,7.242774778
2025-05-07 5:00:00,4397,5.734921152
2025-05-07 6:00:00,3701,6.422789247
2025-05-07 7:00:00,4699,6.436554192
2025-05-07 8:00:00,5039,7.813308871
2025-05-07 9:00:00,2907,7.045332315
2025-05-07 10:00:00,2024,5.46281502
2025-05-07 11:00:00,1926,6.75396432
2025-05-07 12:00:00,2462,8.05174804
2025-05-07 13:00:00,2470,7.162749689
2025-05-07 14:00:00,2631,7.05318042
2025-05-07 15:00:00,3101,6.98643048
2025-05-07 16:00:00,2782,7.435982874
2025-05-07 17:00:00,2438,6.687691048
2025-05-07 18:00:00,1851,6.419591181
2025-05-07 19:00:00,1616,6.808975588
2025-05-07 20:00:00,1612,5.995402989
2025-05-07 21:00:00,1680,6.638191086
2025-05-07 22:00:00,1424,7.346382013
2025-05-07 23:00:00,1603,7.363749182
2025-05-08 1:00:00,1973,5.784085143
2025-05-08 2:00:00,1883,5.957742206
2025-05-08 3:00:00,1687,7.131233875
2025-05-08 4:00:00,1278,7.294454927
2025-05-08 5:00:00,1110,6.438819244
2025-05-08 6:00:00,1168,7.95568661
2025-05-08 7:00:00,1014,7.332114335
2025-05-08 8:00:00,1250,9.191431309
2025-05-08 9:00:00,1334,8.314824423
2025-05-08 10:00:00,1488,7.498055465
2025-05-08 11:00:00,1853,7.072739148
2025-05-08 12:00:00,1822,7.594395388
2025-05-08 13:00:00,1971,8.325489645
2025-05-08 14:00:00,2331,9.827771926
2025-05-08 15:00:00,2647,8.182113087
2025-05-08 16:00:00,1830,8.262771336
2025-05-08 17:00:00,1608,7.849113436
2025-05-08 18:00:00,2006,7.238672202
2025-05-08 19:00:00,2130,7.154052858
2025-05-08 20:00:00,1864,6.704085566
2025-05-08 21:00:00,1761,7.850293297
2025-05-08 22:00:00,1606,6.105989892
2025-05-08 23:00:00,1697,6.663341742
2025-05-09 0:00:00,1627,7.82514322
2025-05-09 1:00:00,1933,7.381815187
2025-05-09 2:00:00,1957,8.966680413
2025-05-09 3:00:00,2531,8.86125465
2025-05-09 4:00:00,1788,7.780017659
2025-05-09 5:00:00,1115,7.811963657
2025-05-09 6:00:00,1308,7.954795713
2025-05-09 7:00:00,1372,7.870763565
2025-05-09 8:00:00,1253,7.414119324
2025-05-09 9:00:00,1377,8.488441475
2025-05-09 10:00:00,1221,7.352655275
2025-05-09 11:00:00,1390,7.689573439
2025-05-09 12:00:00,1675,7.485996066
2025-05-09 13:00:00,2081,7.918031843
2025-05-09 14:00:00,1896,8.48731771
2025-05-09 15:00:00,2280,8.438254788
2025-05-09 16:00:00,1919,8.875076241
2025-05-09 17:00:00,1668,7.978292317
2025-05-09 18:00:00,1366,7.993179571
2025-05-09 19:00:00,3058,6.317013483
2025-05-09 20:00:00,4014,7.462595399
2025-05-09 21:00:00,4921,7.32567802
2025-05-09 22:00:00,4715,6.729114862
2025-05-09 23:00:00,4386,7.416122592
2025-05-10 0:00:00,4512,6.891178242
2025-05-10 1:00:00,4607,6.525819357
2025-05-10 2:00:00,3399,7.019379156
2025-05-10 3:00:00,1581,6.879051759
2025-05-10 4:00:00,1123,8.052631369
2025-05-10 5:00:00,1053,6.182252747
2025-05-10 10:00:00,1038,7.210515696
2025-05-10 11:00:00,804,7.161146245
2025-05-10 14:00:00,1922,7.219964673
2025-05-10 18:00:00,1545,6.772740965
2025-05-10 19:00:00,1475,6.987350756
2025-05-10 21:00:00,1430,6.963833668
2025-05-10 22:00:00,1365,6.817593965
2025-05-11 2:00:00,1476,6.630849645
2025-05-11 3:00:00,1104,6.056256643
2025-05-11 4:00:00,1165,7.498544625
2025-05-11 5:00:00,1256,6.52615984
2025-05-11 6:00:00,1093,9.03650177
2025-05-11 17:00:00,2112,7.172594212
2025-05-11 18:00:00,1673,6.928100867
2025-05-11 22:00:00,1587,6.884972621
2025-05-11 23:00:00,1728,6.76626428
2025-05-12 0:00:00,2087,7.431184403
2025-05-12 1:00:00,2249,7.952827192
2025-05-12 2:00:00,2374,8.219588554
2025-05-12 3:00:00,2366,7.992790732
2025-05-12 4:00:00,1798,7.784659209
2025-05-12 5:00:00,3123,7.628293481
2025-05-12 6:00:00,2972,8.283781881
2025-05-12 7:00:00,3636,8.514484133
2025-05-12 8:00:00,3254,8.579544339
2025-05-12 9:00:00,2463,8.532268336
2025-05-12 10:00:00,3588,8.046974729
2025-05-12 11:00:00,2514,8.340474487
2025-05-12 12:00:00,2228,8.081747493
2025-05-12 14:00:00,4133,8.910392335
2025-05-12 15:00:00,5995,8.304858811
2025-05-12 16:00:00,3743,8.307637527
2025-05-12 17:00:00,2374,9.015833487
2025-05-12 18:00:00,2950,8.314129151
2025-05-12 19:00:00,4856,7.305515129
2025-05-12 20:00:00,5184,6.732168502
2025-05-12 21:00:00,3511,6.811668965
2025-05-12 22:00:00,3883,7.429137911
2025-05-12 23:00:00,4390,7.666192274
2025-05-13 0:00:00,4199,7.309409638
2025-05-13 1:00:00,4180,8.240902308
2025-05-13 2:00:00,4567,8.866195514
2025-05-13 3:00:00,3068,8.513550047
2025-05-13 4:00:00,2332,8.769852388
2025-05-13 5:00:00,2112,7.446181138
2025-05-13 6:00:00,2527,8.44601601
2025-05-13 7:00:00,2236,8.4253138
2025-05-13 8:00:00,2319,7.993550885
2025-05-13 9:00:00,2123,8.487290084
2025-05-13 10:00:00,1582,8.577902341
2025-05-13 11:00:00,1664,7.945714754
2025-05-13 12:00:00,2701,8.667127437
2025-05-13 13:00:00,2685,10.90836165
2025-05-13 14:00:00,2742,9.403954201
2025-05-13 15:00:00,2550,9.062954276
2025-05-13 16:00:00,2240,8.582633977
2025-05-13 17:00:00,2121,9.019719636
2025-05-13 18:00:00,2339,7.808750987
2025-05-13 19:00:00,2365,8.701321077
2025-05-13 20:00:00,2420,7.221849217
2025-05-13 21:00:00,2793,6.701063438
2025-05-13 22:00:00,2647,11.04394233
2025-05-13 23:00:00,2164,13.56078752
2025-05-14 0:00:00,2527,10.64606089
2025-05-14 1:00:00,3508,8.030091256
2025-05-14 2:00:00,3652,9.879485436
2025-05-14 3:00:00,2971,10.08780306
2025-05-14 4:00:00,2034,7.903095349
2025-05-14 5:00:00,1883,7.326004866
2025-05-14 6:00:00,2118,8.047991408
2025-05-14 7:00:00,2153,7.890728474
2025-05-14 8:00:00,2718,8.15826524
2025-05-14 9:00:00,2498,7.846442871
2025-05-14 10:00:00,1542,9.217188976
2025-05-14 11:00:00,2471,8.43234235
2025-05-14 12:00:00,3273,7.902095392
2025-05-14 13:00:00,2785,8.627414758
2025-05-14 14:00:00,2438,9.468964941
2025-05-14 15:00:00,4874,9.316739625
2025-05-14 16:00:00,2262,15.80803365
2025-05-14 17:00:00,1842,8.919127285
2025-05-14 18:00:00,2086,7.35778741
2025-05-14 19:00:00,2069,8.401990327
2025-05-14 20:00:00,2247,9.205136544
2025-05-14 21:00:00,2447,9.211146114
2025-05-14 22:00:00,2062,8.341351238
2025-05-14 23:00:00,1844,9.631684305
2025-05-15 0:00:00,1975,7.513186715
2025-05-15 1:00:00,2887,7.702055616
2025-05-15 2:00:00,2959,7.803187114
2025-05-15 3:00:00,2916,7.686055491
2025-05-15 4:00:00,2173,7.599296109
2025-05-15 5:00:00,1779,8.321138602
2025-05-15 6:00:00,1981,7.811367125
2025-05-15 7:00:00,2049,7.050412025
2025-05-15 8:00:00,2109,8.215261696
2025-05-15 9:00:00,2169,7.542685184
2025-05-15 10:00:00,2079,8.315603225
2025-05-15 11:00:00,2044,10.16101014
2025-05-15 12:00:00,5704,8.442916774
2025-05-15 13:00:00,4425,8.647944466
2025-05-15 14:00:00,3808,8.794399396
2025-05-15 15:00:00,3165,9.371345245
2025-05-15 17:00:00,2934,8.944197987
2025-05-15 18:00:00,2983,8.739496434
2025-05-15 19:00:00,3004,7.792990223
2025-05-15 20:00:00,2811,8.045771158
2025-05-15 21:00:00,2744,9.274850257
2025-05-15 22:00:00,2488,7.665882673
2025-05-15 23:00:00,2498,7.668755936
2025-05-16 0:00:00,2991,7.907623863
2025-05-16 1:00:00,3465,8.039976124
2025-05-16 2:00:00,3510,7.564960824
2025-05-16 3:00:00,3711,6.787307669
2025-05-16 4:00:00,2995,8.855466031
2025-05-16 5:00:00,3460,8.686358211
2025-05-16 6:00:00,2758,7.983795927
2025-05-16 7:00:00,2941,8.05383201
2025-05-16 8:00:00,2832,6.909674907
2025-05-16 9:00:00,2434,8.969596928
2025-05-16 10:00:00,1979,8.701379277
2025-05-16 11:00:00,2353,8.524390842
2025-05-16 12:00:00,2281,9.903595259
2025-05-16 13:00:00,2535,7.572209079
2025-05-16 14:00:00,3074,9.491883217
2025-05-16 15:00:00,2988,9.033539639
2025-05-16 16:00:00,2879,8.327270895
2025-05-16 17:00:00,2339,10.01823676
2025-05-16 18:00:00,2604,7.761313298
2025-05-16 19:00:00,2149,8.560901633
2025-05-16 20:00:00,2255,8.218852852
2025-05-16 21:00:00,1693,6.960255464
2025-05-16 22:00:00,1852,8.461131806
2025-05-16 23:00:00,1726,7.678842845
2025-05-17 0:00:00,1537,6.976865888
2025-05-17 2:00:00,3014,6.89096066
2025-05-17 4:00:00,2373,7.423383724
2025-05-17 5:00:00,2326,7.481765745
2025-05-17 6:00:00,1476,7.516421803
2025-05-17 7:00:00,1939,9.101080155
2025-05-17 8:00:00,1360,8.265826553
2025-05-17 9:00:00,1992,8.451752684
2025-05-17 11:00:00,1544,16.65935642
2025-05-17 17:00:00,3988,7.517265864
2025-05-17 20:00:00,4162,7.71684549
2025-05-17 21:00:00,3688,6.978081261
2025-05-17 22:00:00,3988,7.095557836
2025-05-17 23:00:00,3964,7.377180658
2025-05-18 0:00:00,4158,8.019740131
2025-05-18 6:00:00,2193,8.026038504
2025-05-18 10:00:00,5368,7.132620217
2025-05-18 11:00:00,5038,7.030293631
2025-05-18 12:00:00,4602,6.683238248
2025-05-18 13:00:00,4319,7.84588832
2025-05-18 14:00:00,4820,9.126857925
2025-05-18 15:00:00,4566,7.902755694
2025-05-18 17:00:00,4459,8.851748211
2025-05-18 18:00:00,4625,7.816184999
2025-05-18 23:00:00,3398,7.973120041
2025-05-19 0:00:00,3940,7.792740317
2025-05-19 1:00:00,4327,8.510665285
2025-05-19 2:00:00,3980,8.25912747
2025-05-19 3:00:00,4020,7.657736147
2025-05-19 4:00:00,3486,8.151329873
2025-05-19 5:00:00,2992,8.802191115
2025-05-19 6:00:00,2994,8.06191193
2025-05-19 7:00:00,2737,9.163283802
2025-05-19 8:00:00,3786,9.116196222
2025-05-19 9:00:00,3434,9.21036119
2025-05-19 10:00:00,2996,10.36754839
2025-05-19 11:00:00,4094,9.360220893
2025-05-19 12:00:00,3653,8.196656277
2025-05-19 13:00:00,4228,8.707497595
2025-05-19 14:00:00,4951,8.610673168
2025-05-19 15:00:00,4010,8.165167637
2025-05-19 16:00:00,4890,21.23347889
2025-05-19 17:00:00,4111,8.631815019
2025-05-19 18:00:00,4314,8.274781053
2025-05-19 19:00:00,4174,8.294795397
2025-05-19 20:00:00,6239,8.498432926
2025-05-19 21:00:00,6879,7.916161665
2025-05-19 22:00:00,6424,8.368457433
2025-05-19 23:00:00,6196,9.280736813
2025-05-20 0:00:00,5819,7.757391334
2025-05-20 1:00:00,5616,10.43038577
2025-05-20 2:00:00,5897,7.680306781
2025-05-20 3:00:00,5977,9.156682303
2025-05-20 4:00:00,5306,7.49727788
2025-05-20 5:00:00,4493,7.944856727
2025-05-20 6:00:00,4130,8.416754868
2025-05-20 7:00:00,5701,8.479310722
2025-05-20 8:00:00,4652,9.206350973
2025-05-20 9:00:00,4317,8.56053917
2025-05-20 10:00:00,3304,8.838535658
2025-05-20 11:00:00,4733,9.108561273
2025-05-20 12:00:00,6736,8.903557214
2025-05-20 13:00:00,5738,8.762194259
2025-05-20 14:00:00,4223,8.713635256
2025-05-20 15:00:00,4339,11.11648936
2025-05-20 16:00:00,3830,9.350346515
2025-05-20 17:00:00,3703,9.870762758
2025-05-20 18:00:00,3367,8.712240125
2025-05-20 19:00:00,3413,9.096422211
2025-05-20 20:00:00,4078,7.705563154
2025-05-20 21:00:00,4153,9.711866449
2025-05-20 22:00:00,4175,8.028200623
2025-05-20 23:00:00,4219,10.37366838
2025-05-21 0:00:00,4911,8.833793937
2025-05-21 1:00:00,5234,9.491634109
2025-05-21 2:00:00,5300,9.330467568
2025-05-21 3:00:00,4794,8.711598978
2025-05-21 4:00:00,4372,9.040811942
2025-05-21 5:00:00,5360,9.77290162
2025-05-21 6:00:00,2805,8.130582717
2025-05-21 7:00:00,3172,7.415771764
2025-05-21 8:00:00,3005,9.51004596
2025-05-21 9:00:00,2983,8.420160552
2025-05-21 10:00:00,2253,8.915601746
2025-05-21 11:00:00,3016,9.838157577
2025-05-21 12:00:00,3869,8.94735246
2025-05-21 13:00:00,4162,11.2660326
2025-05-21 14:00:00,4250,8.267334572
2025-05-21 15:00:00,3849,9.638820009
2025-05-21 16:00:00,3754,10.78586696
2025-05-21 17:00:00,3341,9.505631908
2025-05-21 18:00:00,2979,8.502458799
2025-05-21 19:00:00,3612,8.702179357
2025-05-21 20:00:00,3341,10.07720422
2025-05-21 21:00:00,2643,7.450761157
2025-05-21 22:00:00,2832,8.875429078
2025-05-21 23:00:00,2851,7.896407525
2025-05-22 0:00:00,3120,7.822397671
2025-05-22 1:00:00,4011,8.394921007
2025-05-22 2:00:00,4282,8.467234224
2025-05-22 3:00:00,3963,8.268419708
2025-05-22 4:00:00,2991,8.11916973
2025-05-22 5:00:00,2866,8.163853015
2025-05-22 6:00:00,2658,8.491818493
2025-05-22 7:00:00,2711,7.804788327
2025-05-22 8:00:00,2662,8.061922656
2025-05-22 9:00:00,3196,9.257272052
2025-05-22 10:00:00,2950,9.035146695
2025-05-22 11:00:00,2803,8.140052775
2025-05-22 12:00:00,3741,8.825983749
2025-05-22 13:00:00,4170,8.605156555
2025-05-22 14:00:00,4669,10.11373965
2025-05-22 15:00:00,3696,10.67851391
2025-05-22 16:00:00,3029,9.562531668
2025-05-22 17:00:00,3012,7.986152137
2025-05-22 18:00:00,2839,7.665162268
2025-05-22 19:00:00,3275,7.451387212
2025-05-22 20:00:00,3285,7.302976871
2025-05-22 21:00:00,3050,7.601449284
2025-05-22 22:00:00,2928,7.283252967
2025-05-22 23:00:00,2924,7.836441157
2025-05-23 1:00:00,3393,8.237846828
2025-05-23 2:00:00,3682,9.5125916
2025-05-23 3:00:00,3281,8.39619666
2025-05-23 4:00:00,2691,7.213294904
2025-05-23 5:00:00,2104,8.451966856
2025-05-23 6:00:00,2671,9.76687657
2025-05-23 7:00:00,2589,9.973680003
2025-05-23 8:00:00,2542,8.846788175
2025-05-23 9:00:00,2355,8.771523787
2025-05-23 10:00:00,1688,8.177771548
2025-05-23 11:00:00,2313,8.202675601
2025-05-23 12:00:00,2572,8.043599278
2025-05-23 13:00:00,3103,8.068548638
2025-05-23 14:00:00,3940,8.665287575
2025-05-23 15:00:00,3784,9.048871956
2025-05-23 16:00:00,3615,8.808138575
2025-05-23 17:00:00,3767,12.00101713
2025-05-23 18:00:00,2927,9.153871942
2025-05-23 19:00:00,3477,7.796635112
2025-05-23 20:00:00,3806,8.869329964
2025-05-23 21:00:00,2674,7.452151884
2025-05-23 22:00:00,3026,6.954977324
2025-05-23 23:00:00,2949,16.80674979
2025-05-24 4:00:00,2378,6.878841925
2025-05-24 5:00:00,2058,7.376241888
2025-05-24 6:00:00,1947,7.912552303
2025-05-24 8:00:00,1795,8.659679274
2025-05-24 10:00:00,1186,7.345586222
2025-05-24 11:00:00,1679,9.512799853
2025-05-24 12:00:00,2388,8.314955977
2025-05-24 17:00:00,3216,8.508826884
2025-05-24 19:00:00,2866,7.894185998
2025-05-25 6:00:00,1992,9.057105129
2025-05-25 7:00:00,2075,8.200435661
2025-05-25 12:00:00,2591,8.196811718
2025-05-25 14:00:00,2747,7.720285731
2025-05-25 16:00:00,3192,8.628174567
2025-05-25 17:00:00,2968,8.301570163
2025-05-25 18:00:00,3452,8.322620707
2025-05-25 19:00:00,3430,8.297605512
2025-05-25 20:00:00,3930,7.383313421
2025-05-25 21:00:00,3677,7.606531921
2025-05-25 22:00:00,3546,8.086439987
2025-05-25 23:00:00,3532,7.634816203
2025-05-26 0:00:00,3712,7.901246066
2025-05-26 2:00:00,3722,8.031199041
2025-05-26 3:00:00,3609,12.87720769
2025-05-26 4:00:00,3174,8.725753059
2025-05-26 5:00:00,2653,7.245776192
2025-05-26 6:00:00,2948,8.866370345
2025-05-26 7:00:00,3435,9.20536616
2025-05-26 8:00:00,3289,9.281945889
2025-05-26 9:00:00,2523,8.027364848
2025-05-26 10:00:00,2679,8.675964461
2025-05-26 11:00:00,2667,9.2802481
2025-05-26 12:00:00,3019,7.37710611
2025-05-26 13:00:00,3302,9.231541251
2025-05-26 14:00:00,3247,9.624421695
2025-05-26 15:00:00,3791,8.914680793
2025-05-26 16:00:00,3715,7.578168736
2025-05-26 17:00:00,3119,8.457557988
2025-05-26 18:00:00,2502,7.310982761
2025-05-26 19:00:00,2597,8.499753518
2025-05-26 20:00:00,2713,7.679367768
2025-05-26 21:00:00,2621,7.168103682
2025-05-26 22:00:00,2614,8.266420896
2025-05-26 23:00:00,3000,7.399188375
2025-05-27 0:00:00,3183,7.785979611
2025-05-27 1:00:00,3570,9.445745034
2025-05-27 2:00:00,3936,7.857520873
2025-05-27 3:00:00,3793,7.428301675
2025-05-27 4:00:00,2665,8.075912295
2025-05-27 5:00:00,2742,7.14857326
2025-05-27 6:00:00,3010,7.998578281
2025-05-27 7:00:00,3141,7.949700308
2025-05-27 8:00:00,2457,8.646244297
2025-05-27 9:00:00,2782,7.870193969
2025-05-27 10:00:00,2444,9.188845025
2025-05-27 11:00:00,2866,7.721986764
2025-05-27 12:00:00,2997,9.244003053
2025-05-27 13:00:00,3462,8.471119777
2025-05-27 14:00:00,3830,7.621182545
2025-05-27 15:00:00,3424,7.694954937
2025-05-27 16:00:00,3175,9.314841934
2025-05-27 17:00:00,3451,10.66986802
2025-05-27 18:00:00,3200,7.888880961
2025-05-27 19:00:00,3122,7.830068485
2025-05-27 21:00:00,2923,7.643292798
2025-05-27 22:00:00,2991,8.58543165
2025-05-27 23:00:00,3108,8.0373718
2025-05-28 0:00:00,3911,7.657378262
2025-05-28 1:00:00,3357,8.730943247
2025-05-28 2:00:00,3581,7.999855521
2025-05-28 3:00:00,3475,7.339692467
2025-05-28 4:00:00,2907,6.951903534
2025-05-28 5:00:00,2743,7.890103975
2025-05-28 6:00:00,3070,8.511754779
2025-05-28 7:00:00,3036,8.285883617
2025-05-28 8:00:00,3220,7.965168247
2025-05-28 9:00:00,3117,8.221964995
2025-05-28 11:00:00,2236,7.33339663
2025-05-28 12:00:00,2957,8.757989736
2025-05-28 13:00:00,3704,8.905214627
2025-05-28 14:00:00,4002,9.114962055
2025-05-28 15:00:00,4207,10.61375836
2025-05-28 16:00:00,3655,9.118667264
2025-05-28 17:00:00,3054,9.386403071
2025-05-28 18:00:00,3035,9.446805285
2025-05-28 19:00:00,3333,9.557240231
2025-05-28 20:00:00,3217,8.639273893
2025-05-28 21:00:00,3097,8.420704286
2025-05-28 22:00:00,2943,9.379132042
2025-05-28 23:00:00,3552,8.833843564
2025-05-29 0:00:00,3611,8.604940914
2025-05-29 1:00:00,3390,7.549534142
2025-05-29 2:00:00,3363,7.448027545
2025-05-29 3:00:00,3956,8.057733938
2025-05-29 4:00:00,2924,7.892535433
2025-05-29 5:00:00,2594,7.367698605
2025-05-29 6:00:00,2859,7.721758886
2025-05-29 7:00:00,2718,7.758738977
2025-05-29 8:00:00,2805,7.984694627
2025-05-29 9:00:00,2753,8.365483233
2025-05-29 10:00:00,2577,8.533204591
2025-05-29 11:00:00,2887,7.982361352
2025-05-29 12:00:00,3186,8.080222627
2025-05-29 13:00:00,3472,7.331310428
2025-05-29 15:00:00,4593,8.111789334
2025-05-29 16:00:00,4585,8.597420485
2025-05-29 17:00:00,3448,7.643158524
2025-05-29 18:00:00,3369,8.584728301
2025-05-29 19:00:00,3297,7.735532332
2025-05-29 20:00:00,3474,8.131688936
2025-05-29 21:00:00,3365,10.72597741
2025-05-29 22:00:00,3612,8.454625522
2025-05-29 23:00:00,3892,7.905902816
2025-05-30 0:00:00,3605,8.808222619
2025-05-30 1:00:00,3844,8.120718509
2025-05-30 2:00:00,4305,8.81126316
2025-05-30 3:00:00,4101,8.818077218
2025-05-30 5:00:00,3543,8.062313718
2025-05-30 6:00:00,3506,7.558478435
2025-05-30 7:00:00,3382,8.047611482
2025-05-30 8:00:00,2791,7.941442491
2025-05-30 9:00:00,2649,7.421283358
2025-05-30 10:00:00,2725,6.959905847
2025-05-30 11:00:00,2786,8.119441668
2025-05-30 13:00:00,3363,8.947026831
2025-05-30 14:00:00,3644,8.222538954
2025-05-30 15:00:00,3883,8.005113005
2025-05-30 16:00:00,3297,8.567629525
2025-05-30 17:00:00,5125,9.286604466
2025-05-30 18:00:00,8619,7.519105975
2025-05-30 19:00:00,17341,8.094371781
2025-05-30 20:00:00,18202,9.24957253
2025-05-30 21:00:00,3391,7.409760226
2025-05-30 22:00:00,3247,8.213808503
2025-05-31 1:00:00,2861,7.202172681
2025-05-31 3:00:00,3171,7.314780777
2025-05-31 5:00:00,2760,8.136064452
2025-05-31 8:00:00,2412,7.882415451
2025-05-31 9:00:00,2351,8.342959154
2025-05-31 12:00:00,3132,8.727843446
2025-05-31 14:00:00,3057,7.953196696
2025-05-31 15:00:00,3865,7.982128869
2025-05-31 18:00:00,3936,7.836475205
2025-05-31 19:00:00,3403,7.372327622
2025-05-31 20:00:00,3501,7.023999175
2025-05-31 21:00:00,3615,7.681815747
2025-06-01 3:00:00,3171,7.133613598
2025-06-01 6:00:00,2597,7.851842797
2025-06-01 8:00:00,2143,7.706955026
2025-06-01 9:00:00,1864,9.8295912
2025-06-01 10:00:00,2295,8.336127387
2025-06-01 11:00:00,2766,8.349031491
2025-06-01 17:00:00,3567,7.508199472
2025-06-01 19:00:00,5538,8.064912945
2025-06-01 22:00:00,5605,8.417960336
2025-06-01 23:00:00,4754,8.165831644
2025-06-02 0:00:00,4019,8.923176212
2025-06-02 1:00:00,4323,8.6341079
2025-06-02 2:00:00,4614,7.303027677
2025-06-02 3:00:00,3689,7.608502308
2025-06-02 4:00:00,2376,8.127066583
2025-06-02 6:00:00,2458,7.659501928
2025-06-02 7:00:00,2248,7.989234438
2025-06-02 8:00:00,1597,8.743443232
2025-06-02 9:00:00,2856,7.758080369
2025-06-02 10:00:00,2272,7.594380141
2025-06-02 11:00:00,2720,7.640656715
2025-06-02 12:00:00,5729,7.618559388
2025-06-02 13:00:00,4093,8.528020252
2025-06-02 14:00:00,5214,7.973036593
2025-06-02 15:00:00,6383,8.412283076
2025-06-02 16:00:00,5530,10.19891541
2025-06-02 17:00:00,4600,9.543187361
2025-06-02 18:00:00,7609,7.4253608
2025-06-02 19:00:00,7759,9.190861378
2025-06-02 20:00:00,19231,8.427239074
2025-06-02 21:00:00,16975,9.123289124
2025-06-02 22:00:00,23259,7.692372007
2025-06-02 23:00:00,15052,7.988998604
2025-06-03 0:00:00,6095,8.120869129
2025-06-03 1:00:00,4914,8.358665539
2025-06-03 2:00:00,4667,9.199032927
2025-06-03 3:00:00,5241,8.630824681
2025-06-03 4:00:00,4487,8.214232254
2025-06-03 5:00:00,2650,7.972055039
2025-06-03 6:00:00,2804,8.950054601
2025-06-03 7:00:00,3105,7.886234052
2025-06-03 8:00:00,3284,8.856625284
2025-06-03 9:00:00,4228,8.31920956
2025-06-03 10:00:00,2551,7.770829134
2025-06-03 11:00:00,2971,8.760268036
2025-06-03 12:00:00,3164,9.288656938
2025-06-03 13:00:00,3451,7.642755132
2025-06-03 14:00:00,3386,9.276650088
2025-06-03 15:00:00,3029,8.705090729
2025-06-03 16:00:00,15802,8.529187819
2025-06-03 17:00:00,19109,8.661760905
2025-06-03 18:00:00,18919,10.38917458
2025-06-03 19:00:00,18599,8.389420884
2025-06-03 20:00:00,19134,9.271828943
2025-06-03 21:00:00,19388,8.022952032
2025-06-03 22:00:00,10399,7.590294487
2025-06-03 23:00:00,2940,7.832717363
2025-06-04 0:00:00,3159,8.607918628
2025-06-04 1:00:00,3391,7.99900772
2025-06-04 3:00:00,3267,7.133729123
2025-06-04 4:00:00,3124,6.913970594
2025-06-04 5:00:00,2482,6.775829502
2025-06-04 6:00:00,2731,6.703423001
2025-06-04 7:00:00,3285,7.789520317
2025-06-04 8:00:00,3261,7.839265033
2025-06-04 9:00:00,3231,7.59237646
2025-06-04 10:00:00,2777,7.366132318
2025-06-04 11:00:00,3271,9.321788332
2025-06-04 12:00:00,3390,8.130239748
2025-06-04 13:00:00,3576,7.953351722
2025-06-04 14:00:00,3666,8.736246767
2025-06-04 15:00:00,3383,9.272186769
2025-06-04 16:00:00,3376,7.743215226
2025-06-04 17:00:00,3249,7.704126634
2025-06-04 18:00:00,2825,9.617228515
2025-06-04 19:00:00,3678,6.904011332
2025-06-04 20:00:00,3414,7.281351132
2025-06-04 21:00:00,3819,7.065285057
2025-06-04 22:00:00,3021,6.840164744
2025-06-04 23:00:00,3285,7.317724321
2025-06-05 0:00:00,3033,7.780768357
2025-06-05 1:00:00,3634,8.215132168
2025-06-05 2:00:00,4357,8.046726893
2025-06-05 3:00:00,3713,7.838981111
2025-06-05 4:00:00,4080,7.768401718
2025-06-05 5:00:00,3638,7.183559289
2025-06-05 6:00:00,3109,7.601404218
2025-06-05 7:00:00,3188,8.506654695
2025-06-05 8:00:00,3106,7.805462973
2025-06-05 9:00:00,3380,7.292739194
2025-06-05 10:00:00,3144,8.311678223
2025-06-05 11:00:00,3040,7.270701274
2025-06-05 12:00:00,4226,7.214446386
2025-06-05 13:00:00,4266,7.100841964
2025-06-05 14:00:00,4314,8.8025655
2025-06-05 15:00:00,4377,8.331998576
2025-06-05 16:00:00,4236,10.00397347
2025-06-05 17:00:00,4323,9.463240387
2025-06-05 18:00:00,3826,9.982758651
2025-06-05 19:00:00,3479,8.148857201
2025-06-05 20:00:00,3563,8.438425095
2025-06-05 21:00:00,3274,9.212215042
2025-06-05 22:00:00,3251,7.704784123
2025-06-05 23:00:00,3293,7.306379074
2025-06-06 0:00:00,14899,8.48559496
2025-06-06 1:00:00,15014,8.159645494
2025-06-06 2:00:00,15905,9.673183626
2025-06-06 3:00:00,16404,8.095112525
2025-06-06 4:00:00,15582,8.363812697
2025-06-06 5:00:00,15000,7.470970682
2025-06-06 6:00:00,14857,8.050195007
2025-06-06 7:00:00,14702,8.615243799
2025-06-06 8:00:00,15418,9.117599256
2025-06-06 9:00:00,4296,9.375467437
2025-06-06 10:00:00,3432,7.098902567
2025-06-06 11:00:00,3495,7.065897418
2025-06-06 12:00:00,3719,6.399771034
2025-06-06 13:00:00,3713,8.068038603
2025-06-06 14:00:00,3942,8.513906941
2025-06-06 15:00:00,4161,8.296954804
2025-06-06 16:00:00,4763,7.080078953
2025-06-06 17:00:00,4324,7.384387954
2025-06-06 18:00:00,3960,6.868674145
2025-06-06 19:00:00,3376,7.236870926
2025-06-06 20:00:00,2871,8.549805101
2025-06-06 21:00:00,2764,7.453993174
2025-06-06 22:00:00,2595,7.742740084
2025-06-06 23:00:00,2522,6.908051507
2025-06-07 0:00:00,2577,6.716188312
2025-06-07 1:00:00,2679,5.932739466
2025-06-07 5:00:00,2207,7.351178687
2025-06-07 7:00:00,2274,6.740420654
2025-06-07 8:00:00,2002,7.061179298
2025-06-07 9:00:00,2733,7.880733977
2025-06-07 10:00:00,2302,8.095577747
2025-06-07 11:00:00,2564,6.987705055
2025-06-07 13:00:00,3144,6.662895433
2025-06-07 14:00:00,4012,7.95999818
2025-06-07 15:00:00,3811,7.981232579
2025-06-07 16:00:00,4114,6.650328838
2025-06-07 23:00:00,3322,7.48597558
2025-06-08 1:00:00,2891,7.460984674
2025-06-08 3:00:00,3402,6.392878431
2025-06-08 4:00:00,3111,6.376109776
2025-06-08 5:00:00,2359,7.338726897
2025-06-08 6:00:00,2051,6.835458279
2025-06-08 7:00:00,2054,6.855798155
2025-06-08 8:00:00,1996,6.627146938
2025-06-08 9:00:00,2558,7.434993139
2025-06-08 10:00:00,2321,7.35331954
2025-06-08 12:00:00,2815,6.998041572
2025-06-08 17:00:00,4278,6.348975544
2025-06-08 18:00:00,3812,6.834501046
2025-06-08 19:00:00,4065,5.730480755
2025-06-08 21:00:00,4073,6.903218595
2025-06-09 0:00:00,4008,6.81622143
2025-06-09 1:00:00,3811,6.622183423
2025-06-09 2:00:00,4060,6.370410462
2025-06-09 3:00:00,4694,6.773690483
2025-06-09 4:00:00,4487,7.126642184
2025-06-09 5:00:00,3158,6.441778393
2025-06-09 6:00:00,3527,6.942853234
2025-06-09 7:00:00,3831,5.762815909
2025-06-09 8:00:00,3262,6.796032509
2025-06-09 9:00:00,3160,7.461469634
2025-06-09 10:00:00,3370,6.462736001
2025-06-09 11:00:00,3479,6.311564275
2025-06-09 12:00:00,3492,6.567227562
2025-06-09 13:00:00,4582,6.988252967
2025-06-09 14:00:00,4670,6.507390351
2025-06-09 15:00:00,5218,6.089154639
2025-06-09 16:00:00,5441,5.539360399
2025-06-09 17:00:00,4305,6.258994553
2025-06-09 18:00:00,4753,6.014008689
2025-06-09 19:00:00,4750,5.853902155
2025-06-09 20:00:00,3502,6.47179234
2025-06-09 21:00:00,3979,6.036952463
2025-06-09 22:00:00,3175,5.069676911
2025-06-09 23:00:00,3757,6.651849297
2025-06-10 0:00:00,541,6.643461362
2025-06-10 20:00:00,3281,6.310870627
2025-06-10 21:00:00,2990,6.970746035
2025-06-10 22:00:00,3474,6.068334341
2025-06-10 23:00:00,3345,7.088268582
2025-06-11 0:00:00,3461,7.733801699
2025-06-11 1:00:00,3528,7.031470334
2025-06-11 2:00:00,4513,7.059736341
2025-06-11 3:00:00,3545,6.712528828
2025-06-11 4:00:00,3022,5.607955729
2025-06-11 5:00:00,3119,6.870806518
2025-06-11 6:00:00,3208,8.135850519
2025-06-11 7:00:00,3011,7.691974216
2025-06-11 8:00:00,2866,6.424067273
2025-06-11 9:00:00,3490,6.160307427
2025-06-11 11:00:00,2972,6.242480139
2025-06-11 12:00:00,3439,6.915371011
2025-06-11 13:00:00,3319,6.272576769
2025-06-11 14:00:00,4127,6.349704957
2025-06-11 15:00:00,4058,6.616139704
2025-06-11 16:00:00,3479,7.524462599
2025-06-11 17:00:00,3198,5.887880419
2025-06-11 18:00:00,3044,5.492887127
2025-06-11 19:00:00,3208,7.651941744
2025-06-11 20:00:00,3241,7.513991924
2025-06-11 21:00:00,3061,6.341630829
2025-06-11 22:00:00,2946,5.779407706
2025-06-11 23:00:00,2835,6.520692703
2025-06-12 0:00:00,3308,6.223877578
2025-06-12 1:00:00,3302,6.034450092
2025-06-12 2:00:00,3787,6.348005072
2025-06-12 3:00:00,3699,6.09391176
2025-06-12 4:00:00,3024,6.322711733
2025-06-12 5:00:00,3396,5.403569658
2025-06-12 6:00:00,3862,5.545153668
2025-06-12 7:00:00,3436,6.501707929
2025-06-12 8:00:00,2828,6.959050334
2025-06-12 9:00:00,2637,5.688853107
2025-06-12 10:00:00,2603,6.609745598
2025-06-12 11:00:00,2344,6.813734981
2025-06-12 12:00:00,3016,6.453151745
2025-06-12 13:00:00,3725,5.910277335
2025-06-12 14:00:00,4635,5.984391643
2025-06-12 15:00:00,3978,6.414345907
2025-06-12 16:00:00,4074,5.53909916
2025-06-12 17:00:00,3643,5.86076241
2025-06-12 18:00:00,2076,6.374372084
2025-06-12 19:00:00,1061,5.6842182
2025-06-12 20:00:00,2696,5.025205568
2025-06-12 21:00:00,2945,6.02569455
2025-06-12 22:00:00,3021,5.629014064
2025-06-12 23:00:00,2770,5.674224225
2025-06-13 0:00:00,3213,6.854335714
2025-06-13 1:00:00,3349,5.800039298
2025-06-13 2:00:00,3663,5.346551536
2025-06-13 3:00:00,3515,6.617100067
2025-06-13 4:00:00,3294,6.518243094
2025-06-13 5:00:00,3689,6.087634633
2025-06-13 6:00:00,2831,6.469833863
2025-06-13 7:00:00,2757,6.256704129
2025-06-13 8:00:00,2911,5.90757613
2025-06-13 9:00:00,2429,5.792038353
2025-06-13 10:00:00,2856,5.244792736
2025-06-13 11:00:00,3081,6.573107734
2025-06-13 12:00:00,2922,6.081828771
2025-06-13 13:00:00,3614,5.616281729
2025-06-13 14:00:00,3718,5.710634559
2025-06-13 15:00:00,3884,5.750309828
2025-06-13 16:00:00,4089,4.961147733
2025-06-13 17:00:00,3232,6.317306322
2025-06-13 18:00:00,2838,6.166427108
2025-06-13 19:00:00,3238,5.710608505
2025-06-13 20:00:00,3334,4.898733039
2025-06-13 21:00:00,2401,5.653446601
2025-06-13 22:00:00,2467,5.732488382
2025-06-13 23:00:00,2548,6.774814031
2025-06-14 2:00:00,2233,5.65777141
2025-06-14 3:00:00,2506,5.109528732
2025-06-14 4:00:00,2286,5.049164198
2025-06-14 5:00:00,2230,4.960931655
2025-06-14 6:00:00,2177,5.557370729
2025-06-14 7:00:00,2264,6.586990438
2025-06-14 8:00:00,1903,5.330931436
2025-06-14 9:00:00,1848,5.774501753
2025-06-14 11:00:00,2013,5.668201131
2025-06-14 15:00:00,2826,5.162550293
2025-06-14 20:00:00,3333,6.011515083
2025-06-14 22:00:00,2367,5.41668203
2025-06-14 23:00:00,2575,5.676927222
2025-06-15 2:00:00,2990,5.056263548
2025-06-15 3:00:00,2872,5.218309367
2025-06-15 4:00:00,2650,6.39390256
2025-06-15 5:00:00,2460,5.804796808
2025-06-15 7:00:00,1444,5.327428837